chrom,start,end,Mean_AFR - Mean_EUR,LocusID,LocusType,Motif,oldStart,oldEnd
chr12,6936717,6936774,-1.495000000000002,ATN1,PathogenicSTR,CAG,6936717,6936775
chr19,45770205,45770265,-1.4939999999999998,DMPK,PathogenicSTR,CAG,45770205,45770266
chr6,16327634,16327725,-0.7870000000000014,ATXN1,PathogenicSTR,CAG,16327636,16327723
chr22,45795355,45795425,-0.7830000000000041,ATXN10,PathogenicSTR,ATTCT,45795355,45795424
chr4,3074877,3074969,-0.2873333333333316,HTT,PathogenicSTR,CAG,3074877,3074940
chr19,13207859,13207898,-0.26099999999999807,CACNA1A,PathogenicSTR,CTG,13207859,13207898
chr3,63912685,63912716,-0.12366666666666741,ATXN7,PathogenicSTR,CAG,63912685,63912716
chr4,41745976,41746023,-0.009666666666665455,PHOX2B,PathogenicSTR,GCC,41745976,41746022
chr2,176093058,176093100,0.02500000000000095,HOXD13,PathogenicSTR,GCN,176093058,176093099
chr13,99985449,99985495,0.034666666666664035,ZIC2,PathogenicSTR,GCN,99985449,99985493
chr9,27573485,27573547,0.19000000000000247,C9orf72,PathogenicSTR,GGCCCC,27573529,27573546
chr5,146878728,146878760,0.22999999999999923,PPP2R2B,PathogenicSTR,GCT,146878728,146878759
chr12,111598950,111599020,0.3603333333333201,ATXN2,PathogenicSTR,CTG,111598951,111599021
chr16,87604283,87604330,0.6993333333333306,JPH3,PathogenicSTR,GCT,87604283,87604329
chr14,92071009,92071054,4.040000000000002,ATXN3,PathogenicSTR,CTG,92071011,92071052
