CHROM,POS,PERIOD,MOTIF,outlier_threshold,AFR_freq,NON_AFR_freq,gene
chr17,51831667,3,AGC,65.0,0.016116035455278,0.0013003901170351106,CA10
chr1,77887912,3,AAG,39.66666666666666,0.14020950846091862,0.012126461671719359,NEXN-AS1
chr1,20599617,5,AAAAT,24.0,0.038678485092667206,0.00064963187527068,CDA
chr4,24906365,5,AAAAT,21.0,0.0120870265914585,0.00043308791684712,CCDC149
chr6,45689524,4,AAAG,20.0,0.015310233682514104,0.0010827197921178,
chr7,128908240,4,AAAG,18.0,0.010878323932312651,0.0,KCP
chr17,66495525,5,AAAAT,16.0,0.0781627719580983,0.0021654395842356,PRKCA
chr19,53344590,5,AAAAT,15.2,0.025382755842062853,0.00043308791684712,ZNF845
chr2,189744991,3,ACT,15.0,0.020161290322580645,0.0010827197921178,ANKAR
chr11,12010750,4,AAAG,14.0,0.01732473811442385,0.0,
chr1,20332479,5,AAAAT,14.0,0.01248992747784045,0.0008661758336942398,VWA5B1
chr14,31013864,3,AAT,13.0,0.11120196238757156,0.002613240418118467,STRN3
chr17,3635183,4,AAGG,12.5,0.00040290088638195,0.020138588133391082,SHPK
chr8,37734461,4,AAGG,12.0,0.0104754230459307,0.00021654395842356,
chr6,149634275,5,AAAAT,12.0,0.040692989524576964,0.00064963187527068,KATNA1
chr17,2114906,5,AAAAT,12.0,0.014504431909750204,0.00064963187527068,SMG6
chr3,10002274,5,AAAAT,12.0,0.0008058017727639,0.017540060632308358,EMC3
chr9,132997580,4,AAAG,12.0,0.10918614020950848,0.00043308791684712,
chr20,22561915,4,AAAG,11.0,0.04541734860883797,0.0,LINC00261
chr4,4411743,5,AAAAC,11.0,0.01732473811442385,0.00021654395842356,NSG1
chr4,156825594,3,AAG,11.0,0.08723404255319149,0.002383015597920277,PDGFC
chr19,47035191,3,AAG,11.0,0.0136986301369863,0.0,NPAS1
chr1,217003554,6,AATATT,10.666666666666666,0.01732473811442385,0.00043308791684712,ESRRG
chr1,31218013,4,AAAG,10.5,0.029411764705882356,0.0,NKAIN1
chr19,12861680,4,AAAG,10.25,0.053988718775181306,0.00043308791684712,"HOOK2,MAST1"
chr20,8744607,5,AAAAT,10.2,0.018533440773569703,0.00043308791684712,PLCB1
